{
  "project_info": {
    "project_number": "1066956182645",
    "project_id": "shifaa-2b0d9",
    "storage_bucket": "shifaa-2b0d9.appspot.com"
  },
  "client": [
    {
      "client_info": {
        "mobilesdk_app_id": "1:1066956182645:android:3db43571587c2970f9943c",
        "android_client_info": {
          "package_name": "com.example.shifa"
        }
      },
      "oauth_client": [
        {
          "client_id": "1066956182645-enq7eh7cceo8tqsuh867m9v86o6tsdqt.apps.googleusercontent.com",
          "client_type": 3
        }
      ],
      "api_key": [
        {
          "current_key": "AIzaSyBk0VVT9s4kzfGFovaNLWv0G7Fk5kl85JU"
        }
      ],
      "services": {
        "appinvite_service": {
          "other_platform_oauth_client": [
            {
              "client_id": "1066956182645-enq7eh7cceo8tqsuh867m9v86o6tsdqt.apps.googleusercontent.com",
              "client_type": 3
            }
          ]
        }
      }
    }
  ],
  "configuration_version": "1"
}